Nom,Note,Nombre d'avis,Pourcentage avis excellents,Domaine
SimplyBestCoupons.com,4.7,102,4.5,Coupon Service
Pagazani.com,4.6,343,4.5,
FxPremiere.com Forex Signals,4.5,3,4.5,Currency Exchange Service
Smarty,4.2,13,4,
FreeShipping.com,4.0,3,4,
ShopSmarter,4.0,3,4,Financial Consultant
Prime Opinion,4.0,82,4,Cashback Provider
maxrebates.com,3.8,153,4,
CouponCabin.com,4.8,2,5,Cashback Provider
Cushion,4.7,2,4.5,Cashback Provider
EZ Money Check Cashing,4.7,286,4.5,Money Transfer Service
BeFrugal,4.6,1,4.5,Financial Consultant
Coupert Science LLC,4.6,1,4.5,Cashback Provider
Kudos: Smart Wallet,4.6,22,4.5,Cashback Provider
Rakuten.com (USA),4.5,23,4.5,
CoinSpiller.club,4.5,156,4.5,
Fluz,4.5,81,4.5,
Panda Cash Back,4.5,69,4.5,Cashback Provider
TopCashback USA,4.4,9,4.5,Financial Consultant
Cointasker,4.4,287,4.5,Financial Consultant
mocafi.com,4.4,20,4.5,Financial Institution
Survey Junkie,4.3,43,4.5,Market Researcher
Instant BTC,4.3,791,4.5,Cashback Provider
Talk Hiring,4.3,15,4.5,Alternative Financial Service
SecretDiscounter.com,4.2,7,4,Price Comparison Site
Max Funding,4.1,5,4,Cashback Provider
RebatesMe,4.0,198,4,
Dollar Dig,4.0,29,4,
Cointiply,3.9,4,4,Cashback Provider
FastRewarder,3.9,48,4,
Karma Wallet,3.9,10,4,Software Company
Yazing,3.8,28,4,Shopping Mall
Bizpinion,3.8,3,4,Media and Marketing Agency
Swagback,3.8,2,4,
TVT Capital ,3.7,5,3.5,Cashback Provider
Surveydon - Savings Simplified,3.7,1,3.5,
uspeshnyy.com,3.7,1,3.5,Cashback Provider
GainBucks,3.7,1,3.5,
RebateFanatic,3.7,1,3.5,Discount Store
Globalscamrecovery,3.6,8,3.5,
Cocoon MDR‚Ñ¢ (MyData Rewards‚Ñ¢),3.5,19,3.5,Software Company
Cashback Research,3.3,378,3.5,Cashback Provider
Deserve,3.3,271,3.5,Alternative Financial Service
Doge,3.2,20,3,Cashback Provider
Gibmemore,3.2,4,3,Gaming service Provider
MYSMARTGIVING INC (Kiindly),3.0,8,3,Cashback Provider
M1,2.7,145,2.5,Investment Company
Freebitco,2.5,717,2.5,
Giving Assistant,1.8,29,2,
Realbitinvestment,,,,Cryptocurrency Service
Sorbet PTO,,,,Software Vendor
Crescentlenders,,,,
CryptoTask,,,,
Givling,,,,Educational Supply Store
CashbackTo,,,,
lotchima.com,,,,Cryptocurrency Service
Pointgrind,,,,
Nyce Payback,,,,Investment Company
Cashbacktimes,,,,Cashback Provider
DuGood Credit Union,4.9,2,5,Bank
Panacea Financial,4.9,502,5,
"South End Capital a division of Stearns Bank, N.A.",4.9,106,5,Loan Agency
Network Capital Funding,4.8,2,5,Bank
BankFive,4.7,2,4.5,Bank
BankMobile,4.7,2,4.5,Financial Consultant
EECU Credit Union,4.7,1,4.5,
"LEAF Commercial Capital, Inc.",4.7,868,4.5,Bank
MAJORITY - Mobile Banking,4.6,730,4.5,Money Transfer Service
Great Basin Federal Credit Union,4.6,507,4.5,Investment Service
Carousel Checks,4.4,24,4.5,Financial Consultant
Extra Value Checks,4.4,17,4.5,Bank
Merrick Bank,4.4,14,4.5,Financial Consultant
LendingTree,4.4,12,4.5,Bank
Credit Union of New Jersey,4.4,2,4.5,Financial Consultant
Bank5 Connect,4.4,432,4.5,Bank
Quontic,4.1,490,4,Bank
Live Oak Bank,4.1,41,4,
OpenSky,4.0,6,4,
Western Union,3.9,47,4,Bank
Bank with Fair,3.8,67,4,Savings Bank
Mercury,3.6,591,3.5,Bank
Brex,3.3,561,3.5,Accounting Software Company
Laurel Road,3.2,450,3,Bank
Chime,2.9,8,3,Bank
CIT ,2.1,372,2,Bank
Texas Bay Credit Union,4.9,1,5,Credit Union
Gateway Mortgage,4.8,5,5,Bank
Zil Banking,4.8,647,5,Money Transfer Service
Arapahoe Credit Union,4.8,48,5,Financial Consultant
altLINE | The Southern Bank Company,4.8,48,5,Bank
Greenworld Bank,4.7,112,4.5,
Mechanics Cooperative Bank,4.7,47,4.5,Bank
Maza - Banca Moderna,4.7,30,4.5,Bank
MoneyLion,4.6,28,4.5,Financial Consultant
SoFi,4.6,5,4.5,Bank
Bread Pay,4.6,4,4.5,Alternative Financial Service
Eloan,4.6,2,4.5,Financial Consultant
Marlin Capital Solutions,4.6,714,4.5,Non-Bank Financial Service
PrizePool,4.6,149,4.5,Bank
OneAZ Credit Union,4.6,57,4.5,Notary Public
winandinvest.com,4.6,34,4.5,Investment Service
Step,4.5,1,4.5,Alternative Financial Service
MERCO Bank,4.5,205,4.5,
Affinity Beyond Capital,4.5,164,4.5,Financial Institution
Neighbors Bank,4.5,159,4.5,
Atmos Financial,4.5,13,4.5,
Millions,4.4,63,4.5,Bank
Global Jay,4.4,44,4.5,
mocafi.com,4.4,20,4.5,Financial Institution
First Federal Lakewood - LO - Brent Bartlett ,4.4,12,4.5,Mortgage Broker
Relay Financial,4.3,780,4.5,Accounting Software Company
Card comparison uk Limited,4.3,19,4.5,
Evolve Capital Group,4.3,10,4.5,Bank
askzeta.com,4.3,9,4.5,Bank
Magnolia Bank,4.3,8,4.5,
Optionscallsputs,4.3,8,4.5,Bank
Anobanko,4.3,8,4.5,Money Transfer Service
Swadesh,4.3,7,4.5,Money Transfer Service
Westfieldfunding,4.3,7,4.5,Non-Bank Financial Service
Swadesh,4.3,7,4.5,Money Transfer Service
"Trust Capital, USA",4.2,113,4,Financial Consultant
Excite Credit Union,4.2,89,4,Credit Union
KAPED,4.2,47,4,Bank
North Loop,4.2,28,4,
MonoCoin Signal,4.2,14,4,Bank
Crowded,4.2,7,4,
Novo,4.1,2,4,
Heritage Valley Federal Credit Union,4.1,11,4,Credit Union
Canna Business Resources,4.1,5,4,Bank
Bensonburrell,4.1,5,4,Business Administration Service
Teslinfinanceplc,4.1,5,4,
Dealstruck,4.0,116,4,Bank
Cryptotresorbank,4.0,25,4,Investment Bank
Baselane,4.0,12,4,Accounting Software Company
ExpressPayments,4.0,5,4,Bank
LVL - The Money App,4.0,3,4,
Rebirth FinTech,4.0,3,4,Alternative Financial Service
Azlo,3.8,392,4,Financial Consultant
firstcard.app,3.8,6,4,
itechhackers.com,3.8,2,4,Private Sector Bank
Canfield Capital,3.8,2,4,Business Development Service
Ibank Capitalcityonlineservice,3.8,2,4,
Ccbankllc,3.8,2,4,
Stakingstablecoins,3.8,2,4,Cryptocurrency Service
Onyx Private,3.8,2,4,
TVT Capital ,3.7,5,3.5,Cashback Provider
LimeBank,3.7,1,3.5,
Rhodes Financial,3.7,1,3.5,
movesfinancial.com,3.6,16,3.5,
Trueeaglecapital,3.6,7,3.5,
Primis Bank,3.6,5,3.5,
NBKC Bank,3.5,58,3.5,
IBH Crypto Bank,3.5,22,3.5,Cryptocurrency Service
Viably,3.5,3,3.5,Bank
First Oklahoma Bank,3.5,2,3.5,
PrimeRates,,,,
B√≥,3.3,4,3.5,
Varo Bank,3.2,2,3,
"Home Loan Investment Bank, F.S.B",3.2,1,3,
"Home Loan Investment Bank, F.S.B",3.2,1,3,
Branch,3.1,91,3,
Paxumbank,3.1,57,3,Bank
Central Bank,3.1,4,3,
CreditStrong,3.0,32,3,Non-Bank Financial Service
Grasshopper Bank,3.0,24,3,Bank
Digitalmortgages,3.0,3,3,
Unbanked,2.9,82,3,Bank
Best Egg,2.9,4,3,Financial Consultant
wafdbank.com,2.6,5,2.5,
NorthOne,2.4,114,2.5,Bank
CenterState Bank,2.3,7,2.5,
Small Business Bank,2.1,137,2,Financial Consultant
M Marcus,2.1,12,2,
Woodforest National Bank,1.6,96,1.5,
Stash,1.5,697,1.5,Investment Service
Citibank National Association,1.4,185,1.5,Financial Consultant
PNC Bank,1.3,777,1.5,Bank
Credit Union of Texas,,,,Bank
Bluestone Bank,,,,Bank
NBC Services ,,,,
premierbankofthesouth.com,,,,
11Onze,,,,
Thy Will Thy Glory,,,,
Credit Union of Texas,,,,Bank
Bluestone Bank,,,,Bank
Fullz.Se,,,,
Pana App,,,,Money Transfer Service
Republic Bank of Chicago,,,,Financial Institution
Wayfrontier,,,,Bank
Forbright Bank,,,,
Friendly Hills Bank,,,,
Banque Haventree,,,,Mortgage Broker
GigZter,,,,
Noba,,,,
Evergreen Credit Union,4.9,202,5,Financial Institution
Liberty First Credit Union,4.9,186,5,Credit Union
Crypto Dispensers ,3.0,105,3,Non-Bank Financial Service
Cushion,4.7,2,4.5,Cashback Provider
Swadesh,4.3,7,4.5,Money Transfer Service
Heritage Valley Federal Credit Union,4.1,11,4,Credit Union
ASDFTEST,3.7,1,3.5,
Kryptominerstech,3.7,1,3.5,Business Center
WPC Merchant Services & Credit Card Processing,3.7,1,3.5,Business to Business Service
Slide2Thrive,,,,
cryptobaseatm.com,3.3,3,3.5,Cryptocurrency Service
Meriwest Credit Union,3.2,7,3,ATM
Coinhub Bitcoin ATM,3.2,1,3,Cryptocurrency Service
Cash Express,2.8,12,3,Non-Bank Financial Service
NorthOne,2.4,114,2.5,Bank
Asic Miners Rig,2.3,6,2.5,Money Transfer Service
Asicminertech,2.2,28,2,Wholesaler
Coin Cloud,2.1,99,2,Non-Bank Financial Service
PNC Bank,1.3,777,1.5,Bank
Koinkryptatm,,,,
Amscot,4.7,11,4.5,Money Order Service
EZ Money Check Cashing,4.7,286,4.5,Money Transfer Service
Aspen Financial Direct,4.5,2,4.5,Non-Bank Financial Service
Money Mart (US),4.5,78,4.5,
1F Cash Advance,4.5,71,4.5,Loan Agency
Hugo Payday Loans,4.4,18,4.5,Check Cashing Service
Canna Business Resources,4.1,5,4,Bank
Cash Express,2.8,12,3,Non-Bank Financial Service
Credit Union of Texas,,,,Bank
WhaleFin,4.9,1,5,
Allnodes,4.7,348,4.5,Cloud Computing Service
SwiftProMining‚Ñ¢,4.7,81,4.5,Investment Service
Altair Technology LLC,4.7,42,4.5,Cryptocurrency Service
"Altrady | Multi Exchange, Smart Trading & Bots",4.6,116,4.5,Cryptocurrency Service
FxPremiere.com Forex Signals,4.5,3,4.5,Currency Exchange Service
ZenGo,4.5,583,4.5,
ü¶ò KangarooBit  | üî• Non-Deposit Airdrop for new users,4.5,70,4.5,Financial Institution
Coastal Crypto,4.5,37,4.5,Cryptocurrency Service
BT-Miners,4.4,317,4.5,
LDXA TRADE INVESTMENTS,4.4,162,4.5,Investment Company
Coinaps,4.4,34,4.5,Cryptocurrency Service
HyperTrader,4.4,33,4.5,Non-Bank Financial Service
Viperatech,4.3,95,4.5,Electronics Store
MoonPay,4.1,70,4,Software Company
Exodus,4.1,3,4,
coinloot.app,4.0,110,4,
Stably,4.0,74,4,
Binacy,3.8,51,4,
Okcoin,3.2,1,3,
Sendwyre,3.1,872,3,Payment Service
Crypto Dispensers ,3.0,105,3,Non-Bank Financial Service
VGO Promo,5.0,1,5,Gambling House
WalletRecoveryServices walletrecoveryservices@gmail.com,5.0,231,5,
Shiba Limited,4.9,16,5,
BitHub.Win,4.9,2,5,
Arbitrage Robot,4.9,2,5,
paydepot.com,4.9,215,5,
Blue Edge Financial,4.9,174,5,Cryptocurrency Service
Coinfola,4.9,127,5,
Plotting Cloud,4.9,123,5,
1654 exchange,4.9,76,5,Currency Exchange Service
Bitfada,4.8,2,5,
CryptoFlare.net,4.8,478,5,
Banano Faucet,4.8,462,5,
Faucet ENB,4.8,410,5,
INFINITY Faucet,4.8,340,5,
11BITZ,4.8,240,5,
Whalse,4.8,135,5,
Coinlabsminer,4.8,58,5,
Changee,4.8,43,5,
M&K Strategies,4.8,39,5,
FreeBNBmining.com,4.7,11,4.5,
Aruble,4.7,1,4.5,
ZCash Faucet,4.7,944,4.5,
StakeDay.io,4.7,518,4.5,
HilAno Faucet,4.7,409,4.5,
EZ Money Check Cashing,4.7,286,4.5,Money Transfer Service
Criptoshark,4.7,229,4.5,
IvoryHash LLC,4.7,118,4.5,
PKR 2 Dollar - Digital Currency Exchange,4.7,106,4.5,Cryptocurrency Service
Cryptoopensource,4.7,61,4.5,Financial Institution
Litecoin Faucet,4.7,54,4.5,
Ace Miners ,4.7,43,4.5,Cloud Computing Service
Boomcoin(BPT),4.7,34,4.5,
Bitunz,4.7,32,4.5,Investment Company
VsemObmen,4.7,29,4.5,Currency Exchange Service
A G A I X,4.7,29,4.5,
Embr,4.7,26,4.5,Payment Service
VTI Enterprises LLC,4.7,23,4.5,
Final Autoclaim,4.6,1,4.5,Gambling Service
BnbToday.Com,4.6,602,4.5,
COINS FAUCET,4.6,482,4.5,
Coinserom,4.6,331,4.5,
omnepool.com,4.6,275,4.5,
Askpaccosi,4.6,149,4.5,
Mining Syndicate,4.6,93,4.5,Electronics Company
Cryptslice,4.6,77,4.5,
Linus,4.6,68,4.5,Cryptocurrency Service
Crypto Asset Recovery,4.6,55,4.5,
Bitcoin Transaction Accelerator,4.6,42,4.5,
CryptoCharged,4.6,34,4.5,
Westravemining,4.6,32,4.5,Investment Company
RUBOT.INFO LTD,4.6,32,4.5,
Freemcash,4.6,29,4.5,
EndlessMining‚Ñ¢,4.6,24,4.5,
CryptoCloud,4.6,23,4.5,Cryptocurrency Service
Mdexchanger - E Currency Exchange,4.6,21,4.5,Currency Exchange Service
Exme.io,4.6,21,4.5,
CryptoTaxAudit,4.6,20,4.5,Non-Bank Financial Service
Altercoin,4.6,20,4.5,
ZADA,4.6,19,4.5,
safe zone,4.6,17,4.5,
Crypto Made Simple LLC.,4.6,17,4.5,Cryptocurrency Service
Koala Wallet,4.6,17,4.5,
Royalhub (RHLLC),4.6,17,4.5,Cryptocurrency Service
tritonbux.io,4.5,2,4.5,
Onlineinvest,4.5,426,4.5,Cryptocurrency Service
Dash,4.5,180,4.5,
earnfist.com,4.5,81,4.5,
BNB Faucet Site,4.5,61,4.5,
CoinCodeCap,4.5,46,4.5,
"Safety Miner Electronics, LLC",4.5,45,4.5,
TuToBit,4.5,38,4.5,Affiliate Marketing Service
"Durango Merchant Services, LLC",4.5,34,4.5,Cryptocurrency Service
pionex.us,4.5,33,4.5,
faucetgamers.com,4.5,29,4.5,
Crypto Giants,4.5,27,4.5,
IQEX.io,4.5,26,4.5,Currency Exchange Service
Ledgible,4.5,24,4.5,Bookkeeping Service
Openwave Ltd,4.5,22,4.5,Investment Company
Itrustinvestment,4.5,18,4.5,Financial Institution
Pegasv,4.5,17,4.5,
GSA Coin,4.5,17,4.5,
DefiGold Inc.,4.5,15,4.5,
DigitalNote XDN,4.5,15,4.5,
MuskMiners,4.5,15,4.5,
Desertvalleyasics,4.5,15,4.5,
Hodlergroupfx,4.5,13,4.5,
MyConstant,4.4,1,4.5,Cryptocurrency Service
Blocktrade,4.4,168,4.5,
henbbo.com,4.4,102,4.5,
Token Metrics,4.4,93,4.5,
Microcryptosofts,4.4,85,4.5,
Choice,4.4,83,4.5,Investment Service
BiteFaucet,4.4,75,4.5,
DabbyFinance,4.4,63,4.5,Cryptocurrency Service
Gtuniversaltrade,4.4,41,4.5,Investment Company
OSIS,4.4,40,4.5,Cryptocurrency Service
yatirimdunyasi.net,4.4,35,4.5,Department of Finance
Centric,4.4,34,4.5,Charity
Karptech,4.4,30,4.5,
Beehive Wallet LLC,4.4,22,4.5,
Oasasinvest,4.4,18,4.5,
cryptontez.com,4.4,16,4.5,
Bitcoingrow,4.4,14,4.5,Currency Exchange Service
Redlinecoin,4.4,13,4.5,
Cointux,4.4,13,4.5,
ASICS MINER SHOP EU,4.4,12,4.5,
Lycan Retrieve,4.4,12,4.5,
Tevne,4.4,12,4.5,
gistcoin.io,4.4,11,4.5,
The Secret Dice Method,4.4,11,4.5,
Portfolio Kings,4.4,11,4.5,
Yabby Casino ,4.3,1,4.5,Cryptocurrency Service
Cryptela,4.3,278,4.5,News Service
Claimsatoshi,4.3,175,4.5,
BitHash Exchange,4.3,94,4.5,
Simation Studios,4.3,55,4.5,Design Agency
Tribuncrypto,4.3,53,4.5,
Trustee Wallet,4.3,25,4.5,
HaboWallet.com,4.3,17,4.5,Cryptocurrency Service
iPeakoin,4.3,14,4.5,Software Company
Metal Pay,4.3,13,4.5,
Cryptomethis,4.3,12,4.5,
Degen Marketing,4.3,11,4.5,Online Marketing Agency
LeetMiners,4.3,9,4.5,Cryptocurrency Service
upyo.com,4.3,9,4.5,
AeonCoins,4.3,9,4.5,
Crypto Promo,4.3,9,4.5,
TiFi,4.3,8,4.5,
BitcoinTrade,4.3,8,4.5,
Cryptostakerfx,4.3,8,4.5,
Appalachian Mining LLC,4.3,7,4.5,Cryptocurrency Service
crypto4ac.com,4.3,7,4.5,
Cryptowatch,4.3,7,4.5,Cryptocurrency Service
ExBaza,4.3,7,4.5,
4Space Mining,4.3,7,4.5,
Bucksify,4.2,190,4,
Bestchange,4.2,124,4,Cryptocurrency Service
Fidel Circle,4.2,57,4,Finance Broker
Wheel of Gold,4.2,31,4,
fairdesk.com,4.2,22,4,
Coinreclaims,4.2,21,4,Private Investigator
Vidulum,4.2,19,4,Software Company
Elites Mining,4.2,19,4,Mining Company
MonoCoin Signal,4.2,14,4,Bank
Tradeflex,4.2,13,4,
AltQuick.com & FreeBitcoins.com,4.2,13,4,
Menateco Inc,4.2,13,4,
Arbitradeoptions,4.2,13,4,
Atticushood,4.2,12,4,
Decryptd,4.2,11,4,
Amaniaforexacademy,4.2,8,4,Foreign Trade Consultant
Cryptocoinreserve,4.2,8,4,
That Trading Group,4.2,6,4,Financial Consultant
Techjoker,4.2,6,4,Cryptocurrency Service
Liquid,4.2,6,4,Investment Service
Metakrypts,4.2,6,4,
Simple Mining,4.2,6,4,Computer Repair Service
SMARD,4.2,6,4,
GG2U.org,4.1,1,4,Gaming service Provider
Crypto Briefing,4.1,156,4,News Service
FaucetsFly,4.1,60,4,
TradeSanta,4.1,57,4,
atillayurtseven.com,4.1,50,4,
BitTools | #1 free Bitcoin transaction Accelerator,4.1,50,4,
RedPay Holdings Inc.,4.1,38,4,Alternative Financial Service
Cointelli,4.1,30,4,Cryptocurrency Service
Eliteusdtearner,4.1,24,4,
Bitfolio,4.1,22,4,Cryptocurrency Service
legendtrading.com,4.1,18,4,
WaterMelonMarkets,4.1,16,4,
FORTUNES REPLEVIN,4.1,12,4,Cryptocurrency Service
Capital Growths,4.1,9,4,Investment Service
24xbtc,4.1,9,4,Cryptocurrency Service
Bitcounts,4.1,9,4,Certified Public Accountant
Energex Mining,4.1,7,4,
Bitcoin.Tax,4.1,7,4,Tax Preparation Software
World of Shitcoins Membership,4.1,6,4,
Arbitradeask,4.1,6,4,Cryptocurrency Service
Bitcoin Wallet Recovery Services,4.1,6,4,
Arbai.net,4.1,5,4,
Elemining,4.1,5,4,
protonchain.com,4.1,5,4,
Aluxmining,4.1,5,4,
Upby20 TradeRoom,4.1,5,4,Investment Service
Sparkvey,4.1,5,4,
Redot,4.1,5,4,
Tllcorporate,4.1,5,4,Finance Broker
Gridsminer,4.1,5,4,
Cloudimpactx,4.1,5,4,Cryptocurrency Service
Argyto,4.1,5,4,Non-Bank Financial Service
Truffle Ventures,4.1,5,4,Educational Consultant
ShapeShift,4.0,191,4,
HappyMiner,4.0,97,4,
Earnbnbcoin.com,4.0,57,4,
NFT Trading Academy,4.0,22,4,Cryptocurrency Service
CAPITALCRESTS,4.0,16,4,
NeuronEx,4.0,15,4,
Cryptokruz,4.0,14,4,Mining Company
Tofffx,4.0,11,4,
trubit.com,4.0,11,4,Technical Service
Gigahash Coin,4.0,9,4,
Smartsinvest,4.0,8,4,Investment Company
Surgit Investment,4.0,6,4,
Zeem Trade,4.0,6,4,
Sperm Token,4.0,5,4,
SKY BAY INVESTMENT LLC,4.0,5,4,Investment Company
Moment Loans,4.0,5,4,
Asicminersgroup,4.0,5,4,Mining Engineer
Aoiclaim,4.0,5,4,
Ihgfinancing,4.0,4,4,
Canopus,4.0,4,4,
Sadiqkstrategy,4.0,4,4,
Xaver.Cash,4.0,4,4,
Cryptochips | Creative Merch For Crypto Enthusiasts üöÄ,4.0,4,4,
Bitprive,4.0,4,4,Money Transfer Service
Asic Miner Depot LLC,4.0,4,4,Mining Equipment
Bitcoinstorewallet,4.0,4,4,
Recity Income,4.0,4,4,
Cryptostakers,4.0,4,4,
"The Crypto Academy's ""Become A Trader"" Course",4.0,4,4,
Vazertrail,4.0,4,4,Data Recovery Service
ftbitcoin.com,4.0,4,4,Cryptocurrency Service
Bitcoinminercodes,4.0,4,4,
Evercoin,4.0,4,4,
Falconminingfarm,4.0,4,4,Non-Bank Financial Service
SecureMixer.io,4.0,4,4,
Orionstake,4.0,4,4,
TokenInsight,4.0,4,4,Media Company
alphabitmining.com,4.0,4,4,
Cryptex Tradez,4.0,4,4,Cryptocurrency Service
Mevengine,4.0,4,4,Software Company
Lemonchik,4.0,4,4,
tasktoken.ovh,4.0,3,4,
Btcdelve,4.0,3,4,Investment Service
coinbazooka.com,4.0,3,4,
Grent moore,4.0,3,4,Escrow Service
Cryptoproflix,4.0,3,4,
Coinswap,4.0,3,4,
Voyegar,4.0,3,4,
Cryptofunded,4.0,3,4,Educational Consultant
Dsdaq.com,4.0,3,4,
Delmarva Blockchain,4.0,3,4,
Fyn,4.0,3,4,Accounting Software Company
OSTrack,4.0,3,4,
Crypto Rig Hosting Ltd,4.0,3,4,Currency Exchange Service
Skindap,4.0,3,4,Cryptocurrency Service
Forextrader27,4.0,3,4,Financial Institution
Csnmining,4.0,3,4,
BitHub,4.0,3,4,
Titanassets,4.0,3,4,
Peakglobalfx,4.0,3,4,
FutureNFTsBull,4.0,3,4,
RecheckLtd,4.0,3,4,Legal Services
Sus Galaxy,4.0,3,4,
Expresschargeback,4.0,3,4,
Wealthbot,4.0,3,4,
InfluCoin,4.0,3,4,
Professional Crypto Recovery LLC,4.0,3,4,
Aivest,4.0,3,4,Investment Service
Cointiply,3.9,4,4,Cashback Provider
Credomine,3.9,231,4,Mining Company
Parley Labs,3.9,124,4,
Tom Lewis Trade Services,3.9,60,4,Investment Service
PROHASHING,3.9,33,4,Mining Company
Webcoine,3.9,17,4,
Beaxy Exchange,3.9,13,4,
cleverminu.com,3.9,12,4,
Technical LTD,3.9,10,4,Financial Consultant
Asic Miners Shop,3.9,9,4,
Suicloudmining,3.9,9,4,
CryptoPayWay | Instant Cryptocurrency Exchange,3.9,8,4,
Boerse,3.9,7,4,Affiliate Marketing Service
Coinigy,3.9,7,4,
Tuned - Automated Crypto Trading,3.9,7,4,
Growcash.io,3.9,7,4,
Coindeks,3.9,6,4,
TradrPro‚Ñ¢,3.9,5,4,
Identix.Space,3.9,3,4,
Xchcrypto,3.9,3,4,
Merlin Exchange,3.9,3,4,
World Safecoin,3.9,3,4,Cryptocurrency Service
BitMart,3.8,2,4,
Etana Custody,3.8,405,4,Financial Institution
TaxBit,3.8,377,4,Tax Preparation
Ciclex - the whole crypto world on the one platform,3.8,111,4,
BitWallet‚Ñ¢,3.8,51,4,Cryptocurrency Service
 06 TECHNOLOGY SERVICES LLC,3.8,43,4,
BTC Nitro,3.8,39,4,
Infinex,3.8,14,4,Currency Exchange Service
Cryptowallprox,3.8,13,4,
Zer0 FINANCE,3.8,10,4,
Zedapaid,3.8,9,4,
UpBots,3.8,9,4,
AZAforex ECN Broker,3.8,8,4,Stock Broker
pro-mining.uk,3.8,7,4,
Infinity Algo,3.8,6,4,
Bitfinance Asset,3.8,5,4,
CGG ONLINE EXCHANGE,3.8,4,4,
Cryptotrustfund,3.8,4,4,
cryptobase.digital,3.8,4,4,
Prooption24.com,3.8,4,4,Stock Broker
Cryptoglobalgain,3.8,4,4,
Instaselly,3.8,3,4,
Joincryptorium,3.8,3,4,Cryptocurrency Service
Patricia Grace Ellis,3.8,3,4,Investment Service
Oceanhive Investment,3.8,3,4,Cryptocurrency Service
KryptoCash,3.8,3,4,
Wecryptocoinglobalinvesthub ,3.8,3,4,Cryptocurrency Service
S19 Antminer Sales ,3.8,2,4,
OK-ex.io,3.8,2,4,
Cryptsurgeinvestment,3.8,2,4,
Dogg Faucet,3.8,2,4,
Bitgoalpha,3.8,2,4,
TradeDeck,3.8,2,4,Currency Exchange Service
Etradelab,3.8,2,4,
Iowinners,3.8,2,4,Cryptocurrency Service
Ultimate Cryptometer,3.8,2,4,
Minersfee,3.8,2,4,
Forex Fusion,3.8,2,4,
Crypto Investment Solution,3.8,2,4,
Jefferey Bullock Crypto,3.8,2,4,
LISTY,3.8,2,4,
ZenDCA,3.8,2,4,
Dailymine,3.8,2,4,
balaxchange.com,3.8,2,4,
dealerify.io,3.8,2,4,
Zphyerspace,3.8,2,4,
Rainhash,3.8,2,4,
Allflashers,3.8,2,4,
Digiexc,3.8,2,4,Currency Exchange Service
MiningPowers Ltd.,3.8,2,4,Computer Accessories Store
Capitnest,3.8,2,4,
Cryptovolt,3.8,2,4,Alternative Financial Service
Bitrademarketsinput,3.8,2,4,Cryptocurrency Service
itechhackers.com,3.8,2,4,Private Sector Bank
FinestProfit,3.8,2,4,Investment Service
Uberswap,3.8,2,4,Cryptocurrency Service
World GPU Mining,3.8,2,4,Computer Accessories Store
Coreavenue,3.8,2,4,Cryptocurrency Service
Bitcoinminerstech,3.8,2,4,Cryptocurrency Service
Avana Wallet,3.8,2,4,Cryptocurrency Service
Coinzid,3.8,2,4,
Prepaid2Coin LLC,3.8,2,4,Non-Bank Financial Service
Globalaccessinvestment,3.8,2,4,Investment Service
Absolutesleuths,3.8,2,4,Cryptocurrency Service
4xmining,3.8,2,4,Mining Company
Combovest,3.8,2,4,
Kantox Capital,3.8,2,4,Cryptocurrency Service
Nexomining,3.8,2,4,
–ú–æ–Ω–∏—Ç–æ—Ä–∏–Ω–≥ –∑–∞—Ä–∞–±–æ—Ç–∫–∞ –≤ –∏–Ω—Ç–µ—Ä–Ω–µ—Ç–µ ¬´–†–µ—Ñ–±–µ–∫ —Å–µ—Ä–≤–∏—Å¬ª,3.8,2,4,Affiliate Marketing Service
Hoodpay,3.8,2,4,Cryptocurrency Service
Snowball,3.8,2,4,Asset Manager Service
Stakingstablecoins,3.8,2,4,Cryptocurrency Service
Huklersiege,3.8,2,4,Financial Consultant
EXBI,3.8,2,4,Currency Exchange Service
Trxminingfarm,3.7,749,3.5,
Adbitcoin,3.7,72,3.5,
KickEX Exchange,3.7,42,3.5,Cryptocurrency Service
RECARGAS.ORG,3.7,26,3.5,Cryptocurrency Service
eufxp.com,3.7,20,3.5,Fund Management Company
PayBito,3.7,18,3.5,
Magnawallet Limited ,3.7,14,3.5,Currency Exchange Service
Optimayields,3.7,10,3.5,Investment Company
Coincavemining,3.7,8,3.5,
Sequoir,3.7,7,3.5,
Megacoindex,3.7,7,3.5,Cryptocurrency Service
Continental Crypto Limited,3.7,7,3.5,
Tarmex,3.7,5,3.5,Currency Exchange Service
Privatebitcoinstorewallet,3.7,4,3.5,
Hydrogen,3.7,4,3.5,Software Company
"CRYPTO MINER DEALS, LLC",3.7,4,3.5,
Crowd Mining Limited,3.7,4,3.5,
Books Cryptovsmeta,3.7,4,3.5,Books Wholesaler
LEGITCRYPTOSCAMRECOVERY,3.7,4,3.5,Cryptocurrency Service
Topazexpress,3.7,3,3.5,
Signal For All (SFA),3.7,2,3.5,
Prestandial,3.7,2,3.5,Private Investigator
Cryptocrest,3.7,2,3.5,Investment Bank
4btcgainer Bitcoin Investment üá∫üá∏,3.7,2,3.5,Affiliate Marketing Service
Mwcrypto,3.7,2,3.5,
Nfttechworld,3.7,1,3.5,
Bitcoin Cryptocurrency Invest,3.7,1,3.5,
Bobcahelium300,3.7,1,3.5,
Unbank,3.7,1,3.5,
Blockbinex,3.7,1,3.5,
Networkcryptomarket,3.7,1,3.5,
Tu Exchange,3.7,1,3.5,
Tradecryptofidelity,3.7,1,3.5,
Earnerschannel Faucet,3.7,1,3.5,
Allianzharbourglobalcompany,3.7,1,3.5,
bnbfort.com,3.7,1,3.5,
Bestdealstoken,3.7,1,3.5,
Vendency,3.7,1,3.5,
Coin Droplet,3.7,1,3.5,
Cheapasicminer,3.7,1,3.5,
Secsecurity,3.7,1,3.5,
MoneroMix,3.7,1,3.5,
Mobileforexsignals,3.7,1,3.5,
Cryptotradespot,3.7,1,3.5,
Ant Miner Store,3.7,1,3.5,
MineAV | Cloud Mining Platform,3.7,1,3.5,
Mosaicfaucet,3.7,1,3.5,
Buncryp,3.7,1,3.5,
Cryptospayfast,3.7,1,3.5,Currency Exchange Service
Deutschemarke,3.7,1,3.5,
Paylup Wallet,3.7,1,3.5,
Hashingnow,3.7,1,3.5,
Utopianstrategy,3.7,1,3.5,
web3daily.co,3.7,1,3.5,Cryptocurrency Service
howtoearning.com,3.7,1,3.5,
Coin Sectors,3.7,1,3.5,Cryptocurrency Service
Kwitok,3.7,1,3.5,
Wraith Signals,3.7,1,3.5,Alternative Financial Service
Mckinseysecure,3.7,1,3.5,
Azixbot,3.7,1,3.5,
DarkVision Crypto Hacks,3.7,1,3.5,
World We Fix,3.7,1,3.5,
goldexplus.com,3.7,1,3.5,
Multimycrypto,3.7,1,3.5,
Trustxoptions,3.7,1,3.5,
antidolos.com,3.7,1,3.5,Cryptocurrency Service
DexStrats,3.7,1,3.5,
CoinIRA,3.7,1,3.5,Non-Bank Financial Service
"Openware, Inc.",3.7,1,3.5,Cryptocurrency Service
Referral Army,3.7,1,3.5,Direct Mail Advertising
Arturo,3.7,1,3.5,Alternative Financial Service
Jambo,3.7,1,3.5,
alphafaucet.xyz,3.7,1,3.5,
Prof4ever,3.7,1,3.5,
miningwatchdog.com,3.7,1,3.5,
filet.finance,3.7,1,3.5,
AlgonautBot,3.7,1,3.5,Alternative Financial Service
Finglobalsecurity,3.7,1,3.5,Data Recovery Service
Igpcrypt,3.7,1,3.5,Cryptocurrency Service
Elk Finance,3.7,1,3.5,Software Company
MetaWeb3 Tech,3.7,1,3.5,Cryptocurrency Service
Coinsxchanger,3.7,1,3.5,
Accesshub,3.7,1,3.5,
btcearns.elementfx.com,3.7,1,3.5,
Shop Asicminers,3.7,1,3.5,Money Transfer Service
metagreenuniverse,3.7,1,3.5,
Kryptominerstech,3.7,1,3.5,Business Center
Crypto Options,3.7,1,3.5,
Definiteshamus,3.7,1,3.5,Data Recovery Service
Wikitradersworldwide,3.7,1,3.5,Cryptocurrency Service
Bitminning,3.7,1,3.5,Cryptocurrency Service
Pickaxe Mining,3.7,1,3.5,Mining Company
Lynxchain,3.7,1,3.5,Cryptocurrency Service
ProDirect Mining,3.7,1,3.5,Mining Equipment
Savageconnect,3.7,1,3.5,Private Investigator
Truth Recovery,3.7,1,3.5,
BASECOIN,3.7,1,3.5,Investment Company
BestFaucetSites.com,3.7,1,3.5,
Blockchainchargeback,3.7,1,3.5,
KillerScorpion Crypto,3.7,1,3.5,
centurioninvest.com,3.7,1,3.5,
Cash Back Referral,3.7,1,3.5,
Kwitok,3.7,1,3.5,
Wraith Signals,3.7,1,3.5,Alternative Financial Service
Hubitcoinics,3.7,1,3.5,Cryptocurrency Service
Qlotter,3.7,1,3.5,Lottery Shop
Cryptolabby,3.7,1,3.5,
Stfics,3.7,1,3.5,Cryptocurrency Service
Coreibytes Inc,3.7,1,3.5,Cryptocurrency Service
blockresearch.ai,3.7,1,3.5,
GreenEdge Mining Inc.,3.7,1,3.5,
Instantfundinggroup,3.7,1,3.5,
10x Trade Invest Limited,3.7,1,3.5,
wewave.app,3.7,1,3.5,Search Engine Company
Annves,3.7,1,3.5,
ETHPercent „Éº Biggest liquidity pool,3.7,1,3.5,Investment Service
Inovatec Mining,3.7,1,3.5,Electronics Manufacturer
Swappix,3.7,1,3.5,
Fusionlabs,3.7,1,3.5,Cryptocurrency Service
Cloudbase,3.7,1,3.5,
ArkBit Capital LLC,3.7,1,3.5,Mining Company
Esetmarkets Investment Company,3.7,1,3.5,Cryptocurrency Service
Alphamainet,3.7,1,3.5,
TRXMINE.ORG,3.6,106,3.5,
DigiByte distribution,3.6,46,3.5,
Stackedinvest,3.6,35,3.5,Cryptocurrency Service
Btcowners,3.6,13,3.5,Cryptocurrency Service
Macro X Trade,3.6,12,3.5,
Bitcoin Cuba Net,3.6,10,3.5,
Selvixtradecfx,3.6,7,3.5,
Mining Crypto ,3.6,7,3.5,Mining Equipment
Cryptomatrixprox,3.6,6,3.5,
Ray Options Limited,3.6,4,3.5,Stock Broker
Blockbinex,3.6,4,3.5,
Trade Hub,3.6,3,3.5,Alternative Financial Service
ruppi,3.6,3,3.5,
Bitbasefx,3.6,3,3.5,
Coinbaseprox,3.6,2,3.5,
Xcloudlmining,3.6,2,3.5,
Ciscominners,3.6,2,3.5,
BITPAYS LTD,3.6,2,3.5,
End Endrecovery,3.6,1,3.5,
Cowenasset,3.6,1,3.5,
Crextrade,3.6,1,3.5,
Stakelots,3.6,1,3.5,
End Endrecovery,3.6,1,3.5,
10xstackminingllc,3.6,1,3.5,
"Cryptuoso, platform for automated crypto trading",3.6,1,3.5,Cryptocurrency Service
Bit Hash,3.6,1,3.5,
DigiExchange,3.6,1,3.5,Currency Exchange Service
Aia Mining,3.6,1,3.5,Cryptocurrency Service
spritz.finance,3.6,1,3.5,Cryptocurrency Service
GrindBux,3.5,93,3.5,
BTCMINEFARM,3.5,47,3.5,Alternative Financial Service
2local.io,3.5,37,3.5,
Free Tron,3.5,35,3.5,
IBH Crypto Bank,3.5,22,3.5,Cryptocurrency Service
Cryptodroneco,3.5,19,3.5,Finance Broker
xaf arbitrage,3.5,16,3.5,
Bulltrade Ltd,3.5,14,3.5,Investment Company
Patriot  Exchange,3.5,12,3.5,
Seedfundinvestment,3.5,12,3.5,
Sijoitus holdings,3.5,11,3.5,
Binanceminingfarm,3.5,10,3.5,Cryptocurrency Service
Livex,3.5,10,3.5,Cryptocurrency Service
Zrexxtrade,3.5,9,3.5,
Crypto Earning,3.5,9,3.5,
Bitcoin ATM Pros,3.5,7,3.5,
Arbitragedoption,3.5,7,3.5,
Silverclix,3.5,6,3.5,Advertising Agency
upLink,3.5,6,3.5,
Gemcapitaltrades,3.5,6,3.5,Business Broker
Xeeplus,3.5,5,3.5,Stock Broker
HackTasks Ltd,3.5,4,3.5,
Sprintglobal,3.5,4,3.5,
Lite Tradings,3.5,4,3.5,
cryptofonix,3.5,4,3.5,
Blitzrecovery,3.5,3,3.5,Cryptocurrency Service
Trade Wintex,3.5,3,3.5,
Hotmine,3.5,3,3.5,
Plutus Wealth Recovery ,3.5,3,3.5,
Topoperati,3.5,3,3.5,
Real Crypto Softwares,3.5,3,3.5,Cryptocurrency Service
Fxmarketiq,3.5,2,3.5,Alternative Financial Service
A51,3.5,2,3.5,
Intrexcoin,3.5,2,3.5,
Corewallets,3.5,2,3.5,
The Giving Block,3.5,2,3.5,Card Processing Service
Fueled on Bacon,,,,Gaming service Provider
Faucetoshi,3.4,100,3.5,
DiemLibre $DLB,3.4,69,3.5,
Tradexlimited,3.4,11,3.5,Investment Company
Assure Wallet,3.4,10,3.5,
CryptoWallStreet,3.4,10,3.5,Cryptocurrency Service
Azioni Assets Managements ,3.4,8,3.5,
SafeCoin,3.4,7,3.5,
Mymixer,3.4,7,3.5,
Lacertechprotection,3.4,6,3.5,
Megabullfx,3.4,3,3.5,Investment Bank
Fiatom,3.4,3,3.5,
Cryptorecoveryassets,3.4,2,3.5,
miner-land.com,3.4,2,3.5,
Cryptoswifttrade,3.4,2,3.5,
Cryptotradeflow,3.4,2,3.5,
Crypto Miner's Machinery ,3.4,1,3.5,
Top_signal,3.4,1,3.5,Phone and Internet Service
Crypto Trade,3.4,1,3.5,
compassmining.io,3.3,646,3.5,Technical Service
CoinList,3.3,519,3.5,
Cryptoclix,3.3,86,3.5,
Norwegian Block Exchange AS,3.3,32,3.5,
BitsLeader,3.3,19,3.5,
BITHAY¬Æ,3.3,10,3.5,
Tdamextradefx,3.3,8,3.5,Gold Mining Company
Bnbnodes,3.3,5,3.5,
Iqtradesoption,3.3,4,3.5,Finance Broker
Withbitz,3.3,4,3.5,
cryptobaseatm.com,3.3,3,3.5,Cryptocurrency Service
Instant-miner.com,3.3,2,3.5,Investment Company
Elonstellar,3.3,2,3.5,
CAT team,3.3,2,3.5,
Coinrecovery,3.3,1,3.5,Alternative Financial Service
Coinrecovery,3.3,1,3.5,Alternative Financial Service
Edge,3.2,58,3,Cryptocurrency Service
homestake.co,3.2,12,3,
Coinentrust,3.2,11,3,
Aesonholding,3.2,11,3,Investment Service
Logixmining,3.2,8,3,
Euescrows,3.2,8,3,Cryptocurrency Service
Optionarbitrade,3.2,6,3,
Bitpaxa,3.2,5,3,
DexoBit,3.2,4,3,
minerretailer.com,3.2,3,3,
Moonrented Miners,3.2,3,3,Cryptocurrency Service
Lucrocrypto,3.2,3,3,
Recoverydome,3.2,2,3,Department of Finance
Instantfundsrecovery,3.2,1,3,
Coinearners,3.2,1,3,
Crypto Stake,3.2,1,3,
EarnVerse Pro,3.2,1,3,
Btcninvestor,3.2,1,3,
Bitcoin Profit,3.2,1,3,
Minicryptographic,3.2,1,3,
Flashtrade,3.2,1,3,Cryptocurrency Service
Purple Minds,3.2,1,3,
332options,3.2,1,3,
Coinhub Bitcoin ATM,3.2,1,3,Cryptocurrency Service
Bitcoin Loophole,3.2,1,3,
Binance Support,3.2,1,3,
Cyberridge,3.2,1,3,
Antminer L7,3.2,1,3,
Crypto Swapper,3.2,1,3,
redfog.com,3.2,1,3,Cryptocurrency Service
Crypto Guider,3.2,1,3,Cryptocurrency Service
Apollo Services,3.2,1,3,
trxking.xyz,3.1,139,3,
Vergepool,3.1,44,3,
Foxy Mining,3.1,34,3,
Bayhash,3.1,27,3,
Perfect Options,3.1,18,3,Investment Company
whales-investment.com,3.1,11,3,Cryptocurrency Service
Cryptoultraboostpro,3.1,10,3,
Virtual Credit Card | VCC,3.1,9,3,Card Processing Service
optima.exchange,3.1,8,3,
Yasha Digital,3.1,6,3,Mining Company
Livecoin,3.1,6,3,
Lucid Green Coin,3.1,5,3,
Cybercoininvest,3.1,5,3,
Hyper Tech  cryptocurrencies,3.1,5,3,
Cryptocurrencyearners,3.1,5,3,Investment Company
Capitalmines,3.1,4,3,
Bitradex-finance.ltd,3.1,4,3,
Easybucks.Today,3.1,4,3,Software Company
FAMEEX,3.1,4,3,
AssuredRecover,3.1,3,3,
Dextrade,3.1,3,3,Non-Bank Financial Service
RVN MINERS,3.1,3,3,
Bitcaps,3.1,2,3,
CoinAdster,3.0,92,3,
Ember Fund,3.0,52,3,
Genesis Investment,3.0,5,3,Investment Bank
exotik.cc - biggest carding marketplace [CCV CVV Fullz],3.0,4,3,Escrow Service
Wetradealways,3.0,3,3,
miningdoor.com,3.0,3,3,
Lost Funds Recovery Agency,3.0,3,3,Alternative Financial Service
Bitcoin Profit,3.0,2,3,
Coin Wallet,3.0,2,3,Alternative Financial Service
Unbanked,2.9,82,3,Bank
the vape trader (STOLEN DOMAIN),2.9,42,3,
Wealthy Leads,2.9,38,3,
Bromo.cloud - Earn crypto on the cloud mining,2.9,27,3,
miningrealm.com,2.9,11,3,
Tradingzonefx,2.9,9,3,
Coinex-fx Trading,2.9,6,3,Cryptocurrency Service
Fundreclaims,2.9,6,3,Data Recovery Service
apexfinancialmarkets.com,2.9,4,3,Investment Service
Earnbitblueprint,2.9,3,3,Investment Service
üé≤ Bitvix - Licensed crypto-gambling,2.9,2,3,Gambling House
TradeBull Crypto,2.9,2,3,Cryptocurrency Service
Tetherutterincome,2.9,2,3,
Earn Crypto,2.9,2,3,
Coin Flys,2.9,2,3,
BRUXIS,2.9,2,3,Cryptocurrency Service
Crypts Bits Miners Investment,2.9,2,3,Investment Company
BTCEX,2.9,2,3,
AKB Fintech,2.8,414,3,Cryptocurrency Service
Bncmining,2.8,157,3,Cloud Computing Service
Shrimpy,2.8,113,3,Cryptocurrency Service
Unstoppable Domains,2.8,73,3,
Coinadderhubs,2.8,10,3,
OpenNode,2.8,8,3,Cryptocurrency Service
u-rich.com,2.8,3,3,Cryptocurrency Service
Interactivehubs,2.8,3,3,
Financecrest,2.8,3,3,Investment Service
CoinLion,2.8,3,3,
myminersworld.com,2.8,3,3,
Victory Miner,2.7,80,2.5,
Permission.io,2.7,34,2.5,
AmbitMiners,2.7,28,2.5,
bitmair.com,2.7,22,2.5,Financial Consultant
Antminer E9,2.7,20,2.5,Cryptocurrency Service
Bitseefull,2.7,17,2.5,
Investsmug,2.7,14,2.5,Cryptocurrency Service
Sense Miner Limited,2.7,7,2.5,
Golocalbitcoins,2.7,5,2.5,Cryptocurrency Service
Bittoro,2.7,5,2.5,
Coinprotrade,2.7,4,2.5,
Advance Trading,2.6,85,2.5,
INFINITY GLOBAL FINANCE NETWORKS LLC,2.6,24,2.5,Business to Business Service
NewFX Limited,2.6,20,2.5,Finance Broker
Stockkingscapital,2.6,17,2.5,Financial Institution
Swift Funds Recovery,2.6,14,2.5,Fund Management Company
Mass Capital Company,2.6,11,2.5,
tronincube.com,2.6,9,2.5,
Coinmetro,2.6,9,2.5,
Minedoge,2.6,6,2.5,
Trade ,2.6,5,2.5,Investment Service
.,2.6,5,2.5,Cryptocurrency Service
G Mining Inc. - Bitcoin Cloud Mining,2.6,4,2.5,
Instepcapitals,2.6,4,2.5,Cryptocurrency Service
BlockFi,2.5,268,2.5,
Coinavaloncrest,2.5,16,2.5,Mining Company
CoinFlip,2.5,15,2.5,
Best Btc Trades,2.5,9,2.5,
Kende International Limited ,2.5,6,2.5,
Cryptocurrencyinvestment,2.5,6,2.5,Business Development Service
Prime Trust,2.5,5,2.5,
Bitso,2.4,36,2.5,Alternative Financial Service
BTC Script,2.4,24,2.5,
Superiormine,2.4,24,2.5,Department of Finance
CCWallet: Your Bitcoin Wallet. Blockchain App,2.4,18,2.5,Mobile Money Agent
Coinacefx,2.4,18,2.5,Investment Bank
Xcoins,2.4,8,2.5,Cryptocurrency Service
Coins fix,2.4,6,2.5,
Favortrades,2.3,151,2.5,Stock Broker
Upstake,2.3,69,2.5,
CyberMine LLC,2.3,66,2.5,
Tronriver,2.3,52,2.5,
Coinwix,2.3,24,2.5,
Coinsphere,2.3,21,2.5,
Mineta Bitcoin Cloud Mining,2.3,13,2.5,
Premiumkoins,2.3,13,2.5,Cryptocurrency Service
Trezocoin Pvt Ltd,2.3,8,2.5,Trust Bank
Anchor,2.3,7,2.5,
Triple-a,2.3,7,2.5,Cryptocurrency Service
Asic Miners Rig,2.3,6,2.5,Money Transfer Service
CoinZoom,2.2,33,2,
Asicminertech,2.2,28,2,Wholesaler
Fold,2.2,10,2,Cryptocurrency Service
Cryptoexchangefx,2.2,9,2,Cryptocurrency Service
Coin Cloud,2.1,99,2,Non-Bank Financial Service
Hotcloud,2.1,53,2,
Bitcoin Live App,2.1,23,2,
Recovery Limited,2.1,19,2,Financial Consultant
MyEtherWallet,2.1,9,2,
Binance,2.0,4,2,Alternative Financial Service
Swift Trades,2.0,22,2,Cryptocurrency Service
Zetbull,2.0,12,2,
Capital.com,2.0,12,2,Alternative Financial Service
CHICKENFAST.com |new generation of Cloud Mining systems,1.9,89,2,Investment Service
sunmining.energy,1.9,70,2,
Abra,1.8,246,2,Cryptocurrency Service
Mogo,1.8,73,2,Alternative Financial Service
Cointradepay,1.8,46,2,Investment Service
Rarible,1.7,32,1.5,
Etherflows,1.6,74,1.5,
Circle,1.6,72,1.5,Cryptocurrency Service
Coinbase,1.5,8,1.5,
Inergie LTD,1.5,34,1.5,
Bittrex,1.4,524,1.5,
Poloniex,1.4,262,1.5,
BitPay,1.4,185,1.5,Cryptocurrency Service
Switcheroo,,,,Currency Exchange Service
miningzon.com,,,,
KeepCash Online,,,,
Brek,,,,
Fiat Exchange,,,,
Easy Passiveprofits,,,,
Btcexchanger,,,,Cryptocurrency Service
Bitcoin Pro,,,,
Cryptofolio Hungary,,,,
Shinobi Warrior,,,,
Fi.exchange,,,,
bitsian,,,,
BNB  Staking,,,,
Crypto Engine,,,,
Mixmybit,,,,
Metricswallet,,,,
Humutoken,,,,
Proasicshop.com,,,,
Lazy Trade,,,,
Hodltoken,,,,
DAO Envelop,,,,
thenewworldblockchain.com,,,,
TrustPrimeMarket,,,,Alternative Financial Service
Mastrofinances,,,,
Algrowaverminer,,,,
Apex Cryptofx,,,,
Cryptoexplora,,,,
Kuoinx,,,,
Wizardswap.io,,,,
goldshell-kd5.shop,,,,
Effortless Finance Developments,,,,Cryptocurrency Service
CastleConnect.io,,,,Non-Bank Financial Service
Bitcoin Doubler,,,,Investment Company
Cryptobrokerofficial,,,,Affiliate Marketing Service
Chain Life S.A,,,,Online Marketplace
theanalysts101.com,,,,Non-Bank Financial Service
Covault,,,,ATM
Realbitinvestment,,,,Cryptocurrency Service
Business Eye LLC,,,,Cryptocurrency Service
Yaritza Torcat,,,,Investment Service
Aura5,,,,Alternative Financial Service
Cloudtech,,,,Cryptocurrency Service
Bitcuit,,,,Finance Broker
INVESTELLECT LTD,,,,Savings Bank
24maxtradeoption,,,,Investment Company
Coinultranova Inc.,,,,Biotechnology Company
cointrack.ai,,,,
Solidfaucet,,,,
TokenPR,,,,
PaerTree,,,,
Coinpilot,,,,
Trio investment ltd,,,,
Tapsats,,,,
Coin Marks,,,,
Scrypt ASIC Miner,,,,
Vibranteagle,,,,Cryptocurrency Service
Exptcointrading,,,,
Remiinvestment,,,,
COPTS,,,,
AIMAC - FXTM,,,,
Amazon Trader,,,,
Fxminers,,,,
Botcapitals,,,,
HexOption.com,,,,
coygo.app,,,,
Cryptoneat,,,,
coinatmos.com,,,,
Oceanatrade,,,,Cryptocurrency Service
Walletconnectnow,,,,
Duality Code | DeFi Services & Protocols,,,,Alternative Financial Service
TimNex,,,,
Smart Money Insiders¬Æ,,,,
BitcoinzTech,,,,
Coinxone,,,,
Mining Automatic,,,,
cryptocaverns.com,,,,
Bitcoin Circuit,,,,
Coin Thainvest,,,,
Investandearn,,,,
Bitqt,,,,
Phrase Plate,,,,
Apex Earning Investment Company ,,,,
Loophack,,,,
RetroOption,,,,Business Administration Service
Hashbull,,,,
SwapXWP.com,,,,
Finvest Wealth Group,,,,Cryptocurrency Service
Coinlib FX,,,,
Nftgalaxy,,,,
Crypto Career Network,,,,
cryptoharvest.io,,,,
Atmexchanger,,,,Cryptocurrency Service
FlourishingAI,,,,
Citylifeinvestment,,,,
Sureshmusha Page,,,,
Cryptowebtools,,,,
Oasis Network,,,,
Silent.Exchange,,,,
Zenithcryptomining,,,,
Immediate Edge,,,,
Bitcoin Loophole,,,,
DaVinci - The NFT Experience Platform,,,,
Coincommercetrade,,,,Cryptocurrency Service
Crypto Predict Pro,,,,
BIGPUMP SMARTDEFI,,,,
Blockonics,,,,
Livesolutions,,,,
theartofthebubble.com,,,,
Coinscapitalmarket,,,,
IDCMOFFICIAL,,,,
Tdcryptoinvestment,,,,Technical University
Crypto Morpheus,,,,
Bitzenius,,,,
Cascade Investment,,,,
Bynftdesign,,,,Cryptocurrency Service
International Investment Capital LLC,,,,Investment Company
viralfomo.com,,,,Media and Marketing Agency
evdc.network,,,,
MLD Crypto Partners,,,,
Davisrecovery,,,,Data Recovery Service
Earn Free Bitcoin,,,,
PhotoMeta,,,,
Quantmex,,,,
Cryptobuyclub,,,,
Crypto Engine,,,,
Btcprivatekey,,,,
Legionfxcapital,,,,
Cheesy Blockchain,,,,Electronics Company
Pecuniatraders,,,,
Firstchoicecounselingwc,,,,
lionrow.cc,,,,
"CryptoWorld ""Time Is Money""",,,,
Bip39code,,,,
Anchor USD,,,,
Cyclintrading,,,,Cryptocurrency Service
Pivex ,,,,
Cryptoswix,,,,
brinxtrade.com,,,,
Bitrei,,,,
Cryptoonliner,,,,
Cryptoprofit,,,,Cryptocurrency Service
Prolifixtraders,,,,
Bitbayfx,,,,
Blugenie,,,,
LiteHex,,,,
wm007.kz,,,,
NEXUS,,,,
cryptogarda.pro,,,,
Coinvertexgrower,,,,
Privatrading,,,,
Planetwired Crypto Consultant ,,,,
Prudence Trade,,,,Investment Service
MetaCore5,,,,
Fillme,,,,
Foxtie,,,,
Switcheroo,,,,Currency Exchange Service
miningzon.com,,,,
KeepCash Online,,,,
Brek,,,,
Fiat Exchange,,,,
Easy Passiveprofits,,,,
Btcexchanger,,,,Cryptocurrency Service
Bitcoin Pro,,,,
Cryptofolio Hungary,,,,
Shinobi Warrior,,,,
Blockchain Technology LTD,,,,
RockStable,,,,
Fasthub,,,,
Bihanc,,,,
Coinpromax,,,,
Humutoken,,,,
Proasicshop.com,,,,
Lazy Trade,,,,
Hodltoken,,,,
DAO Envelop,,,,
thenewworldblockchain.com,,,,
TrustPrimeMarket,,,,Alternative Financial Service
Mastrofinances,,,,
Algrowaverminer,,,,
Apex Cryptofx,,,,
Cryptoexplora,,,,
Kuoinx,,,,
Wizardswap.io,,,,
goldshell-kd5.shop,,,,
Crypto Bulls Yacht Club,,,,
BitIRA,,,,
Buycryptocurrencyatm,,,,
MyMiner,,,,
Grey Area Fine Art,,,,
cryptolegacy.ai,,,,
theanalysts101.com,,,,Non-Bank Financial Service
Covault,,,,ATM
Realbitinvestment,,,,Cryptocurrency Service
Business Eye LLC,,,,Cryptocurrency Service
Yaritza Torcat,,,,Investment Service
Aura5,,,,Alternative Financial Service
Cloudtech,,,,Cryptocurrency Service
Bitcuit,,,,Finance Broker
INVESTELLECT LTD,,,,Savings Bank
24maxtradeoption,,,,Investment Company
Coinultranova Inc.,,,,Biotechnology Company
cointrack.ai,,,,
Solidfaucet,,,,
TokenPR,,,,
PaerTree,,,,
Asic Miner Farm,,,,
BitDuel,,,,Casino
Cyberhacknotch,,,,Credit Counseling Service
John Michael Mason,,,,Money Transfer Service
bouncealerts.com,,,,e-Commerce Solution Provider
Smart Invest-FX,,,,Financial Consultant
Trillion Digital Assets,,,,Alternative Financial Service
Mining Life LLC,,,,Mining Consultant
Cryptotechnology,,,,Financial Consultant
NFTmetria,,,,Cryptocurrency Service
Gem,,,,Software Company
Ibbs Enterprises Inc,,,,Research and Product Development
Bimostocks,,,,Investment Service
Capital Trading and Investment ,,,,Investment Service
Cryptominer Solutions,,,,Investment Service
Apex Capital Investment Limited,,,,Business Administration Service
Similize,,,,Cryptocurrency Service
Betapristine,,,,Business to Business Service
Ukrahost Digital Services,,,,Cryptocurrency Service
CreatorMachine,,,,Software Vendor
Greenland Maritime,,,,Investment Service
Petabristin,,,,Payment Service
Major Coin,,,,Cryptocurrency Service
Bluexfinance,,,,Cryptocurrency Service
Mt4tradeglobal,,,,Cryptocurrency Service
Gloverfx,,,,Cryptocurrency Service
Normal Finance,,,,Cryptocurrency Service
Sharecryptocoin10x ,,,,Cryptocurrency Service
Choice,,,,Cryptocurrency Service
Oceancresit,,,,Mining Company
Cryptoretreive,,,,Cryptocurrency Service
Ingresshub,,,,
Evolutioncorein,,,,Investment Service
Decentracrew,,,,Web designer
A Doyle Forensic-Ltd,,,,Law Firm
Bithash,,,,Cryptocurrency Service
faucet.mendidik.id,,,,Cryptocurrency Service
StrickenSeige (Stricken Decipherer),,,,Business to Business Service
TradexPay,,,,Mining Company
Cryptofundscapital,,,,Cryptocurrency Service
Algotrade,,,,Cryptocurrency Service
Earnon,,,,Investment Company
Trailsecure,,,,
Financecrest,,,,Cryptocurrency Service
Tezosmarketsint,,,,Cryptocurrency Service
Furiousmoney Cryptocurrency Exchange & Resources,,,,Cryptocurrency Service
CryptoFi On-Demand Trading,,,,Cryptocurrency Service
Vero,,,,
Greatsfx,,,,Finance Broker
Astrollax,,,,Cryptocurrency Service
Binamite,,,,Payroll Service
CryptoEcoinEx,,,,
Decenl Co.,,,,
Cornerstone Financial Services ,,,,
Qbicmarkets,,,,
Bitcomi,,,,
The Botcave,,,,
Benchmarktradingoption,,,,Finance Broker
Any Coin Trade,,,,Cryptocurrency Service
CardtoCrypto,,,,
Tdcryptoinvestment,,,,Technical University
Crypto Morpheus,,,,
Hitechrecovery,,,,Computer Security Service
FastEx.me,,,,Currency Exchange Service
Speed - Bitcoin Payment Processor,,,,Payment Service
Gemini Support Not Responding,,,,
Bitzenius,,,,
Cascade Investment,,,,
Bynftdesign,,,,Cryptocurrency Service
International Investment Capital LLC,,,,Investment Company
viralfomo.com,,,,Media and Marketing Agency
evdc.network,,,,
MLD Crypto Partners,,,,
Davisrecovery,,,,Data Recovery Service
Earn Free Bitcoin,,,,
PhotoMeta,,,,
Quantmex,,,,
Cryptobuyclub,,,,
Crypto Engine,,,,
Btcprivatekey,,,,
Legionfxcapital,,,,
Cheesy Blockchain,,,,Electronics Company
Pecuniatraders,,,,
Firstchoicecounselingwc,,,,
Decipher,,,,
Bitcoin Revolution,,,,
Noerown Network,,,,
Dogefin,,,,
Zetatrade,,,,
Diamondfexinvestment,,,,Investment Company
Peyrr,,,,
MYBTCGIFT,,,,
PenguinX Mixer,,,,
Crypto And Pi,,,,
Ajinkya Agarwal,,,,
BYDFi,,,,
coinseek.me,,,,
Revest Finance,,,,
Allcryptoquick,,,,Currency Exchange Service
360 Bitcoin Accelerator - cryptocurrency360.com,,,,
Cryptorecoveryassistantx,,,,
App Premiumbit,,,,Stock Exchange Building
Crypto Telegram Groups,,,,
Cryptoionix,,,,
Crptix,,,,Cryptocurrency Service
ReferallCodes - FreeBitcoin Referral Codes,,,,
Earninggpt,,,,
Face2trade,,,,
The Money Mongers,,,,
Assetrade,,,,Investment Service
Goldentradingfx,,,,Investment Company
Coast,,,,
lachambaparalaguita.blogspot.com,,,,
Cryptoassetrating,,,,
Yieldpips,,,,Cryptocurrency Service
Upmine Wallet,,,,Mine
Nyce Payback,,,,Investment Company
Proupshot,,,,
Woodford Trade,,,,Investment Company
Top Escrows,,,,
Asset Hubs,,,,
Alienwizbot,,,,Cryptocurrency Service
Capitalrecovery,,,,
SB,,,,
"We Mine X, Inc.",,,,
xchangeofamerica.com,4.8,2,5,
ifxsuccess.com,4.6,27,4.5,Currency Exchange Service
FxPremiere.com Forex Signals,4.5,3,4.5,Currency Exchange Service
CUEX,4.5,1,4.5,Currency Exchange Service
Currency Exchange International,4.5,386,4.5,Currency Exchange Service
ü¶ò KangarooBit  | üî• Non-Deposit Airdrop for new users,4.5,70,4.5,Financial Institution
Ghostpay,4.4,176,4.5,
Coinaps,4.4,34,4.5,Cryptocurrency Service
uLink Money Transfer,4.3,4,4.5,Non-Bank Financial Service
Uphold,3.4,8,3.5,Financial Consultant
Runenames,4.9,155,5,Video Game Store
1654 exchange,4.9,76,5,Currency Exchange Service
Swapsy,4.8,151,5,Currency Exchange Service
Forex Trading World ,4.8,49,5,Mobile Money Agent
Arraexchanger,4.8,47,5,
Foreign Currency and Coin Exchange,4.7,579,4.5,Financial Consultant
PKR 2 Dollar - Digital Currency Exchange,4.7,106,4.5,Cryptocurrency Service
RemitAnalyst,4.7,50,4.5,Information Service
Bitunz,4.7,32,4.5,Investment Company
VsemObmen,4.7,29,4.5,Currency Exchange Service
Quickex,4.7,28,4.5,
Mdexchanger - E Currency Exchange,4.6,21,4.5,Currency Exchange Service
Paymentearth,4.6,20,4.5,International Trade Consultant
Travelex US,4.5,11,4.5,Currency Exchange Service
Venstar Exchange,4.5,35,4.5,Currency Exchange Service
IQEX.io,4.5,26,4.5,Currency Exchange Service
Forexanalytix,4.5,18,4.5,
ukr.exchange,4.5,16,4.5,
Shapebtc.com,4.5,14,4.5,
Bitcoingrow,4.4,14,4.5,Currency Exchange Service
higlobe.com,4.4,12,4.5,Money Transfer Service
SUDAKA EXCHANGE,4.4,11,4.5,
Pechoto,4.3,57,4.5,
Dollar Lenden,4.3,15,4.5,Dollar Store
Sanitizer.Cash,4.3,8,4.5,
FxLifeStyle - Best Free Forex Signals,4.2,1,4,
Flywire,4.2,1,4,Payment Service
Bestchange,4.2,124,4,Cryptocurrency Service
ChainRift,4.2,37,4,Financial Consultant
Bitstorm.co,4.2,14,4,
USDHOST,4.2,13,4,
TayaraCash,4.2,10,4,
Currency.Wiki - Free Currency Converter,4.2,7,4,
That Trading Group,4.2,6,4,Financial Consultant
takatopaypal.com,4.1,64,4,
PayPax,4.1,41,4,
RedPay Holdings Inc.,4.1,38,4,Alternative Financial Service
24xbtc,4.1,9,4,Cryptocurrency Service
Onlineotcswap,4.0,23,4,Escrow Service
ExpressPayments,4.0,5,4,Bank
ftbitcoin.com,4.0,4,4,Cryptocurrency Service
Simplypay,4.0,4,4,Software Company
USD vendor,4.0,4,4,
Crypto Rig Hosting Ltd,4.0,3,4,Currency Exchange Service
Rebirth FinTech,4.0,3,4,Alternative Financial Service
Wedo Exchange,4.0,3,4,
Thecoinedu,4.0,3,4,Financial Consultant
Coinmama LLC,4.0,3,4,
Cadapay,4.0,3,4,
Exchanger,3.9,11,4,Money Transfer Service
Trestify,3.9,5,4,Financial Consultant
Cexmo,3.9,4,4,
ChangeBuz Holdings Inc.,3.8,829,4,Financial Consultant
T4Trade,3.8,173,4,Non-Bank Financial Service
BitWallet‚Ñ¢,3.8,51,4,Cryptocurrency Service
Infinex,3.8,14,4,Currency Exchange Service
Roman Exchange,3.8,4,4,
Astro Options,3.8,3,4,
Digiexc,3.8,2,4,Currency Exchange Service
Uberswap,3.8,2,4,Cryptocurrency Service
TradeDeck,3.8,2,4,Currency Exchange Service
Money Exchangers ,3.8,2,4,
bibitbot.com,3.8,2,4,Financial Consultant
Mt5wave.com,3.8,2,4,
Dualcoin,3.8,2,4,
Cleancoins,3.8,2,4,
EXBI,3.8,2,4,Currency Exchange Service
KickEX Exchange,3.7,42,3.5,Cryptocurrency Service
ChangeBlast Inc.,3.7,22,3.5,Currency Exchange Service
Magnawallet Limited ,3.7,14,3.5,Currency Exchange Service
Tarmex,3.7,5,3.5,Currency Exchange Service
Usd2coins,3.7,5,3.5,Payment Service
FxWealth LLC,3.7,4,3.5,Financial Consultant
coinhubb.com,3.7,3,3.5,
Cheapswitch,3.7,1,3.5,Financial Consultant
FX-Financial Ltd,3.7,1,3.5,Currency Exchange Service
Valuelytic,3.7,1,3.5,Stock Exchange Building
Dolphex,3.7,1,3.5,
PayVila,3.7,1,3.5,
Worley Consulting,3.7,1,3.5,
Cryptospayfast,3.7,1,3.5,Currency Exchange Service
rapidbuysell.com,3.7,1,3.5,
Hubitcoinics,3.7,1,3.5,Cryptocurrency Service
Xellentexchange,3.7,1,3.5,Currency Exchange Service
Epichange,3.7,1,3.5,
Btcowners,3.6,13,3.5,Cryptocurrency Service
Hexofirm,3.6,9,3.5,Currency Exchange Service
DigiExchange,3.6,1,3.5,Currency Exchange Service
Livex,3.5,10,3.5,Cryptocurrency Service
Smart Exchanger,,,,
Exchangelo,,,,Financial Consultant
AFEX,3.4,629,3.5,Currency Exchange Service
Traders4Traders Inc,3.4,57,3.5,Financial Consultant
Tradevax,3.4,20,3.5,
Fuelforex,3.4,2,3.5,Foreign Exchange Students Organization
Freechange,3.3,1,3.5,
Airtm,3.2,5,3,Non-Bank Financial Service
Flashtrade,3.2,1,3,Cryptocurrency Service
Coinhub Bitcoin ATM,3.2,1,3,Cryptocurrency Service
Giftocash,3.1,22,3,
GateHub,3.0,164,3,Financial Consultant
Coinkago,3.0,9,3,
BitFex,3.0,3,3,
Sipira,2.9,99,3,Financial Consultant
Sequoir,2.9,7,3,Currency Exchange Service
Bncmining,2.8,157,3,Cloud Computing Service
Golocalbitcoins,2.7,5,2.5,Cryptocurrency Service
NewFX Limited,2.6,20,2.5,Finance Broker
Swipeitworld,2.6,4,2.5,Currency Exchange Service
Xcoins,2.4,8,2.5,Cryptocurrency Service
"Eltraexchanger.com , Buy & Exchange Bitcoins Instantly",2.2,113,2,Currency Exchange Service
AA Forex,1.9,25,2,Currency Exchange Service
Abra,1.8,246,2,Cryptocurrency Service
First Bitcoin,,,,
Cryptopay24,,,,
Fastusd,,,,
Coinoswap,,,,
Aziz Algonaid for General Trading,,,,
ExchangeBuz,,,,
Peoples Foreign Exchange,,,,
Cifix,,,,
Swapbit,,,,
Atmexchanger,,,,Cryptocurrency Service
Wuw.su - –æ–±–º–µ–Ω –∫—Ä–∏–ø—Ç–æ–≤–∞–ª—é—Ç—ã ,,,,
Palremit,,,,Currency Exchange Service
ExBit,,,,
Mercury,,,,Payment Service
Hexactrade,,,,
Amgchange,,,,
Switcheroo,,,,Currency Exchange Service
Btcexchanger,,,,Cryptocurrency Service
Gualberto Rivero,,,,Investment Service
Fxtradepocket,,,,Stock Exchange Building
Douglas Ojeda Marquez,,,,Currency Exchange Service
Yaritza Torcat,,,,Investment Service
Aura5,,,,Alternative Financial Service
Bitcuit,,,,Finance Broker
John Michael Mason,,,,Money Transfer Service
Major Coin,,,,Cryptocurrency Service
Furiousmoney Cryptocurrency Exchange & Resources,,,,Cryptocurrency Service
Area51.exchange,,,,
Fastchange,,,,
Btc2usdt,,,,
Doctorbit,,,,
Intercontinental,,,,
Rosbitdon,,,,
CoinRushers,,,,Gaming service Provider
Allcryptoquick,,,,Currency Exchange Service
FastEx.me,,,,Currency Exchange Service
App Premiumbit,,,,Stock Exchange Building
StrelaX - –ë—ã—Å—Ç—Ä–æ—Ä–∞–∑–≤–∏–≤–∞—é—â–∏–π—Å—è —Å–µ—Ä–≤–∏—Å –æ–±–º–µ–Ω–∞,,,,
Orderbook,,,,Investment Service
Citykripto,,,,
Nigos,,,,
Exbitbot,,,,
Lendah,5.0,2,5,Alternative Financial Service
National Business Capital,5.0,2,5,Alternative Financial Service
Big Think Capital,5.0,2,5,Financial Consultant
Americor,4.9,15,5,Financial Consultant
aven.com,4.9,2,5,
SBG Funding,4.9,1,5,Alternative Financial Service
Inheritance Funding,4.9,464,5,
General Merchant Funding,4.9,215,5,Debt Relief Service
Evergreen Credit Union,4.9,202,5,Financial Institution
Liberty First Credit Union,4.9,186,5,Credit Union
SOS Capital,4.9,176,5,Financial Consultant
Viva Capital Funding,4.9,167,5,Private Sector Bank
Rateworks,4.9,155,5,
Doc2Doc Lending,4.9,131,5,Loan Agency
WYN Financial ,4.9,106,5,
Advance America,4.8,80,5,Financial Consultant
OneMain Financial,4.8,52,5,Financial Institution
Lendio,4.8,20,5,Business to Business Service
NetCredit,4.8,13,5,Financial Institution
1st Franklin Financial Corporation,4.8,13,5,Loan Agency
Dollar Loan Center,4.8,6,5,Financial Institution
"Strong Home Mortgage, LLC",4.8,4,5,Mortgage Lender
Above Lending,4.8,1,5,
Sungage Financial,4.8,1,5,
Lively,4.8,320,5,Non-Bank Financial Service
4 Pillar Funding,4.8,79,5,Finance Broker
Tower Loan,4.7,14,4.5,Non-Bank Financial Service
Amscot,4.7,11,4.5,Money Order Service
NewDay USA,4.7,7,4.5,Financial Institution
Elastic,4.7,2,4.5,
BankFive,4.7,2,4.5,Bank
Glint,4.7,1,4.5,
MPOWER Financing,4.7,1,4.5,Financial Consultant
60MonthLoans,4.7,435,4.5,
ByzFunder,4.7,308,4.5,Financial Institution
Golden Pear Funding,4.7,296,4.5,
Legal-Bay,4.7,205,4.5,Legal Services
Mutual Credit Union,4.7,162,4.5,
Ava Finance,4.7,108,4.5,Credit Counseling Service
CashNetUSA,4.6,27,4.5,Loan Agency
SmartBiz Loans,4.6,16,4.5,
Biz2Credit,4.6,14,4.5,Non-Bank Financial Service
NHCash.com,4.6,1,4.5,Financial Institution
Reprise Financial,4.6,1,4.5,Loan Agency
torro.com,4.6,694,4.5,
C2FO,4.6,482,4.5,Payment Service
Truetrader,4.6,228,4.5,Financial Institution
Found,4.6,148,4.5,Financial Institution
MoneyGram International,4.5,31,4.5,Non-Bank Financial Service
SeedFi,4.5,3,4.5,Financial Institution
Post Lake Lending,4.5,1,4.5,Loan Agency
Republic,4.5,274,4.5,Financial Institution
ü¶ò KangarooBit  | üî• Non-Deposit Airdrop for new users,4.5,70,4.5,Financial Institution
Spotloan,4.4,24,4.5,Loan Agency
Tresl¬Æ,4.4,5,4.5,Car Finance and Loan Company
Cash Factory USA,4.4,3,4.5,Alternative Financial Service
Next Loan Lending,4.4,2,4.5,Financial Institution
Credit Union of New Jersey,4.4,2,4.5,Financial Consultant
Today Card,4.4,582,4.5,
Bank5 Connect,4.4,432,4.5,Bank
Advance America,4.8,80,5,Financial Consultant
Skrill Money Transfer,4.7,11,4.5,Money Transfer Service
Amscot,4.7,11,4.5,Money Order Service
Sharemoney,4.7,3,4.5,Financial Consultant
Havana Ship,4.7,77,4.5,Money Transfer Service
Tremendous,4.6,3,4.5,
Pangea Money Transfer,4.6,2,4.5,
Bossmoney,4.6,1,4.5,
MAJORITY - Mobile Banking,4.6,730,4.5,Money Transfer Service
MoneyGram International,4.5,31,4.5,Non-Bank Financial Service
Sendwave,4.5,9,4.5,
Veem,4.5,1,4.5,Payment Service
Currency Exchange International,4.5,386,4.5,Currency Exchange Service
uLink Money Transfer,4.3,4,4.5,Non-Bank Financial Service
Placid Express,4.3,2,4.5,Financial Consultant
Western Union,3.9,47,4,Bank
Uphold,3.4,8,3.5,Financial Consultant
Lebara Money Transfer,4.8,2,5,
Zil Banking,4.8,647,5,Money Transfer Service
Mi Papaya,4.8,173,5,Money Transfer Service
EZ Money Check Cashing,4.7,286,4.5,Money Transfer Service
TRAUND,4.7,73,4.5,
Donbix,4.7,70,4.5,
LumoXchange - Compare Rates. Send Money.,4.7,62,4.5,Money Transfer Service
Bitwage,4.7,56,4.5,Money Transfer Service
RemitAnalyst,4.7,50,4.5,Information Service
RemitMoney,4.6,270,4.5,
Mdexchanger - E Currency Exchange,4.6,21,4.5,Currency Exchange Service
Paymentearth,4.6,20,4.5,International Trade Consultant
Travelex US,4.5,11,4.5,Currency Exchange Service
WorldFirst Australia & New Zealand,4.5,318,4.5,Money Transfer Service
Venstar Exchange,4.5,35,4.5,Currency Exchange Service
AAA Community Finance,4.4,1,4.5,Money Transfer Service
Melio,4.4,1,4.5,Payment Service
Bitremesas,4.4,282,4.5,
PingPong Payments,4.4,233,4.5,Money Transfer Service
Inter (ex-Usend),4.4,34,4.5,
My Funding Choices,4.4,25,4.5,Money Transfer Service
Top Dollar Payouts,4.4,15,4.5,
higlobe.com,4.4,12,4.5,Money Transfer Service
Relay Financial,4.3,780,4.5,Accounting Software Company
Felix Pago - FelixPago.com,4.3,17,4.5,
ÿ™ÿ≠ŸàŸäŸÑ . ŸÉŸàŸÖ,4.3,10,4.5,
Anobanko,4.3,8,4.5,Money Transfer Service
Swadesh,4.3,7,4.5,Money Transfer Service
Payoneer,4.2,51,4,Money Transfer Service
Flywire,4.2,1,4,Payment Service
"Remitly, Send Money Home",4.1,40,4,Financial Consultant
Capital Growths,4.1,9,4,Investment Service
24xbtc,4.1,9,4,Cryptocurrency Service
Cashaisle,4.0,1,4,Non-Bank Financial Service
"David Allen Capital, Inc.",4.0,66,4,Mobile Money Agent
GotoSend,4.0,8,4,Meat Products Supplier
ExpressPayments,4.0,5,4,Bank
Cowries Pay,4.0,4,4,
Bitprive,4.0,4,4,Money Transfer Service
ptcmat.pro,4.0,3,4,
E-Gicom LTD,4.0,3,4,Cell Phone Store
Penny Inc,4.0,3,4,Money Transfer Service
Exchanger,3.9,11,4,Money Transfer Service
Covercy,3.8,555,4,Financial Consultant
Cardingvault| Verified Shop,3.8,14,4,
Menyala,3.8,2,4,
PayLocalCoin,3.8,2,4,
Lindo - Send Money to Cuba Direct,3.8,2,4,
Metaprise - Commerce Online Banking,3.7,25,3.5,Accounting Software Company
Legit and and approved by Trust pilot ,3.7,9,3.5,
CUBAROS SERVICES,3.7,8,3.5,
MOBILEMONEY Inc,3.7,1,3.5,Money Transfer Service
"Payment Brokers Group, LLC.",3.7,1,3.5,Money Transfer Service
Clearshift,3.7,1,3.5,Financial Consultant
Rosado Insurance Agency,3.7,1,3.5,Insurance Agency
Shop Asicminers,3.7,1,3.5,Money Transfer Service
Kryptominerstech,3.7,1,3.5,Business Center
Cambios de Pana,3.7,1,3.5,
WarriorLacrox.com,3.7,1,3.5,
Atlantic Xchange,3.7,1,3.5,
A1 Financial Inc,3.7,1,3.5,Tax Preparation Service
Scamdefence,3.7,1,3.5,Alternative Financial Service
Bitcoin_Transfer_Money,3.6,19,3.5,Day Spa
InterCambio Express,3.5,19,3.5,
WireBarley,3.5,2,3.5,
bayanipay.com,3.4,5,3.5,
Prime Currency Trading Protection,3.3,2,3.5,Financial Consultant
Payexon,3.2,1,3,
movefunds.co,2.9,5,3,
AKB Fintech,2.8,414,3,Cryptocurrency Service
Timelinefever | Carding Shop,2.8,21,3,
Xapo,2.7,301,2.5,Money Transfer Service
Cardingshop,2.7,28,2.5,
Xoom Global Money Transfer,2.6,22,2.5,Money Transfer Service
RemitLite,2.6,18,2.5,Money Transfer Service
NorthOne,2.4,114,2.5,Bank
GCOW- Digital Gift Card Solutions Provider ,2.4,29,2.5,Money Transfer Service
Hypur,2.4,21,2.5,Money Transfer Service
CCWallet: Your Bitcoin Wallet. Blockchain App,2.4,18,2.5,Mobile Money Agent
Ria Money Transfer,2.3,6,2.5,Financial Consultant
TRANSFAST,2.3,2,2.5,Financial Consultant
Realypay,2.3,14,2.5,Financial Consultant
Triple-a,2.3,7,2.5,Cryptocurrency Service
Asic Miners Rig,2.3,6,2.5,Money Transfer Service
"Lucky Money, Inc., Remittance Company",2.0,272,2,Financial Consultant
PointPay,1.6,23,1.5,Financial Consultant
Intermex Wire Transfer,1.4,143,1.5,Money Transfer Service
Cash App,1.2,3,1,Financial Consultant
golenmo,,,,Loan Agency
Gualberto Rivero,,,,Investment Service
Douglas Ojeda Marquez,,,,Currency Exchange Service
WellPaid,,,,Non-Bank Financial Service
Yaritza Torcat,,,,Investment Service
John Michael Mason,,,,Money Transfer Service
RealPayPal,,,,Payment Service
Pana App,,,,Money Transfer Service
Binamite,,,,Payroll Service
Mixercoins,,,,Money Order Service
"BillZero, Inc.",,,,
bridge21,,,,
Firstapplefx,,,,
Cyberserviceinc,,,,Data Recovery Service
Pomelo,,,,Money Transfer Service
Pana App,,,,Money Transfer Service
Binamite,,,,Payroll Service
Mixercoins,,,,Money Order Service
"BillZero, Inc.",,,,
bridge21,,,,
Firstapplefx,,,,
Cyberserviceinc,,,,Data Recovery Service
Pomelo,,,,Money Transfer Service
Dole App,,,,Non-Bank Financial Service
Advance America,4.8,80,5,Financial Consultant
Amscot,4.7,11,4.5,Money Order Service
EZ Money Check Cashing,4.7,286,4.5,Money Transfer Service
GotoSend,4.0,8,4,Meat Products Supplier
Sendnomad,3.7,20,3.5,
Balance Faucet,3.7,1,3.5,
Kryptominerstech,3.7,1,3.5,Business Center
Bncmining,2.8,157,3,Cloud Computing Service
Asic Miners Rig,2.3,6,2.5,Money Transfer Service
petronfund.com,1.9,36,2,Fund Management Company
Cutcrown,,,,
Eazycashy.com,,,,Money Order Service
Mixercoins,,,,Money Order Service
RubBux,,,,
Alphaearners,,,,Money Order Service
BankFive,4.7,2,4.5,Bank
Wasatch Peaks Credit Union,4.1,588,4,Federal Credit Union
Bank with Fair,3.8,67,4,Savings Bank
Yotta,4.7,1,4.5,
SoFi,4.6,5,4.5,Bank
askzeta.com,4.3,9,4.5,Bank
Accrue Savings,4.2,6,4,Financial Institution
M1,2.7,145,2.5,Investment Company
Joinotherhood,,,,
Bitcoininvestmentrex,,,,Investment Service
theanalysts101.com,,,,Non-Bank Financial Service
INVESTELLECT LTD,,,,Savings Bank
Credit Union of Texas,,,,Bank
Pana App,,,,Money Transfer Service
Bensonburrell,4.1,5,4,Business Administration Service
Gibmemore,3.2,4,3,Gaming service Provider
Trezocoin Pvt Ltd,2.3,8,2.5,Trust Bank
Sierra Pacific Federal Credit Union,,,,Financial Institution
Wealth Advisors Trust Company ,,,,Trust Bank
HaboWallet.com,4.3,17,4.5,Cryptocurrency Service
Logan Lindstrum - Clear Mortgage LLC,4.3,7,4.5,Financial Institution
Touchless Trade,4.2,31,4,
Onlineotcswap,4.0,23,4,Escrow Service
Bitprive,4.0,4,4,Money Transfer Service
"Capital Flash, Inc",4.0,3,4,Escrow Service
Grent moore,4.0,3,4,Escrow Service
Opiomexchange,3.8,3,4,
Escrow WhatsApp,3.7,1,3.5,
Escrow Telegram,3.7,1,3.5,
We  Trade Safe,3.4,26,3.5,
Escrowp2ponline,3.3,4,3.5,
bitescrow.us,3.2,1,3,
exotik.cc - biggest carding marketplace [CCV CVV Fullz],3.0,4,3,Escrow Service
California Notary Agency,2.9,7,3,Notary Public
Epik.com,2.5,431,2.5,Cloud Computing Service
Paragon Financial Group,2.2,26,2,International Trade Consultant
Escrowlion,,,,
Swaprate,,,,
Ibbs Enterprises Inc,,,,Research and Product Development
Escrowlion,,,,
Swaprate,,,,
Ibbs Enterprises Inc,,,,Research and Product Development
Sonikescrow,,,,Fair Trade Organization
Escrow | Guarantor | Middleman,,,,
Allcryptoquick,,,,Currency Exchange Service
Metaversai's Services,,,,
